Ref,Val,Package,PosX,PosY,Rot,Side
"","","",83.426415,-73.825001,0.000000,top
"","","",83.456414,-79.475000,180.000000,top
"","","",83.496414,-78.915000,180.000000,top
"","","",83.416415,-73.255000,0.000000,top
"","","",84.536414,-78.925000,180.000000,top
"","","",84.466414,-73.835000,0.000000,top
"","","",84.016414,-78.904999,180.000000,top
"","","",83.946415,-73.845000,0.000000,top
